month,temp,precip
1,-11.25483871,36.4
2,-14.5137931,0.3
3,-4.596,17.9
4,3.241935484,79.2
5,12.46071429,80.5
6,14.63333333,116.1
7,18.9,37.3
8,20.93448276,74
9,16.55806452,202.9
10,6.267741935,80.4
11,2.532258065,62.7
12,-0.796774194,121.6
